Year,Month,Hour,disQuantity(ton),disCount
2017,07,00,850.0127,424697
2017,07,01,376.5693,152750
2017,07,02,241.78445,66408
2017,07,03,212.95145,49960
2017,07,04,417.43195,119007
2017,07,05,1351.15755,478541
2017,07,06,2938.86815,1073047
2017,07,07,3450.19325,1802514
2017,07,08,4113.66297,2427863
2017,07,09,4273.277482,2438189
2017,07,10,3668.8338,2028119
2017,07,11,3079.51741,1675718
2017,07,12,2864.786315,1569982
2017,07,13,3061.10905,1577611
2017,07,14,2836.03635,1497527
2017,07,15,2763.83912,1570316
2017,07,16,2971.9641,1699011
2017,07,17,3257.505324,1875706
2017,07,18,3816.612,2269710
2017,07,19,4843.62569,2940466
2017,07,20,5500.67512,3225086
2017,07,21,5033.95265,2843764
2017,07,22,3278.096102,1785199
2017,07,23,2011.615008,1067646
2017,08,00,775.72188,410885
2017,08,01,354.04053,151467
2017,08,02,231.59736,65810
2017,08,03,216.77348,49781
2017,08,04,373.97634,115830
2017,08,05,1203.12926,417955
2017,08,06,2701.58837,1067438
2017,08,07,3213.67448,1786478
2017,08,08,3744.246219,2341489
2017,08,09,4033.006964,2391821
2017,08,10,3454.061055,2017679
2017,08,11,2866.605074,1670437
2017,08,12,2609.77811,1561936
2017,08,13,2964.67931,1558644
2017,08,14,2741.70362,1475166
2017,08,15,2565.611873,1526912
2017,08,16,2730.341195,1659352
2017,08,17,2982.005591,1823132
2017,08,18,3552.316206,2247592
2017,08,19,4681.55534,3013315
2017,08,20,4967.857219,3103000
2017,08,21,4453.199645,2700750
2017,08,22,2904.33627,1701429
2017,08,23,1751.097969,993824
2017,09,00,640.53569,353550
2017,09,01,301.08631,129315
2017,09,02,212.0763,58661
2017,09,03,198.31823,43230
2017,09,04,326.40828,104044
2017,09,05,965.556875,317547
2017,09,06,2439.80448,943467
2017,09,07,3006.197525,1680876
2017,09,08,3407.698334,2223118
2017,09,09,3795.350189,2299813
2017,09,10,3065.276193,1858137
2017,09,11,2597.397305,1527241
2017,09,12,2343.05118,1424617
2017,09,13,2676.99873,1472508
2017,09,14,2545.727318,1414685
2017,09,15,2413.16691,1515080
2017,09,16,2620.609985,1654216
2017,09,17,2853.884115,1811061
2017,09,18,3465.826379,2248625
2017,09,19,4268.98786,2806794
2017,09,20,4365.76829,2817159
2017,09,21,3782.99554,2376533
2017,09,22,2458.870035,1496769
2017,09,23,1513.241555,892710
2017,10,00,691.2926,347543
2017,10,01,331.61343,132214
2017,10,02,238.10597,59681
2017,10,03,205.33389,43538
2017,10,04,450.34675,97500
2017,10,05,992.61544,263075
2017,10,06,2370.55073,751444
2017,10,07,3199.97673,1510414
2017,10,08,3717.58693,2053574
2017,10,09,4269.649175,2310790
2017,10,10,3817.30274,2109181
2017,10,11,3402.21703,1829132
2017,10,12,3108.50275,1695946
2017,10,13,3442.253699,1719454
2017,10,14,3239.03076,1643336
2017,10,15,2967.0879,1683871
2017,10,16,3178.56481,1810494
2017,10,17,3548.91518,2008577
2017,10,18,4059.92207,2333378
2017,10,19,4630.709768,2714550
2017,10,20,4564.81451,2641184
2017,10,21,3920.942249,2216021
2017,10,22,2538.55482,1399641
2017,10,23,1532.25954,823519
2017,11,00,635.984245,276370
2017,11,01,304.6908,104587
2017,11,02,206.214,49989
2017,11,03,199.71879,36671
2017,11,04,483.36385,84142
2017,11,05,1079.19793,232049
2017,11,06,2218.84366,594188
2017,11,07,3179.748709,1347790
2017,11,08,3844.54114,1896703
2017,11,09,4299.351598,2063999
2017,11,10,3711.77093,1786866
2017,11,11,3293.466469,1541907
2017,11,12,3051.35401,1473705
2017,11,13,3579.798739,1555554
2017,11,14,3360.999727,1513122
2017,11,15,3230.032,1606855
2017,11,16,3543.94369,1752839
2017,11,17,3884.125357,1886744
2017,11,18,4018.04266,1982655
2017,11,19,4496.088948,2287052
2017,11,20,4359.848609,2193941
2017,11,21,3908.570059,1913496
2017,11,22,2523.67121,1190777
2017,11,23,1477.360849,678265
2017,12,00,591.553508,250244
2017,12,01,295.3708,100819
2017,12,02,200.58918,47835
2017,12,03,173.7603,33540
2017,12,04,390.80443,68094
2017,12,05,920.07502,179226
2017,12,06,1838.481109,433799
2017,12,07,2688.42896,1026191
2017,12,08,3422.31256,1597755
2017,12,09,3958.657779,1820573
2017,12,10,3722.17491,1753022
2017,12,11,3417.611576,1598461
2017,12,12,3243.550335,1545410
2017,12,13,3726.858679,1644537
2017,12,14,3557.748928,1612249
2017,12,15,3428.500554,1667303
2017,12,16,3705.771018,1783102
2017,12,17,3938.48284,1858627
2017,12,18,3819.823959,1826623
2017,12,19,4129.231677,2018391
2017,12,20,3847.378739,1865504
2017,12,21,3394.256845,1601019
2017,12,22,2198.880278,1008164
2017,12,23,1321.228859,590547
2018,01,00,530.83243,237442
2018,01,01,261.02393,97518
2018,01,02,178.63897,46465
2018,01,03,163.4134,33622
2018,01,04,325.82459,66472
2018,01,05,826.52045,169037
2018,01,06,1627.31077,403642
2018,01,07,2396.473929,933342
2018,01,08,3105.234205,1481432
2018,01,09,3569.495169,1687246
2018,01,10,3465.203229,1668001
2018,01,11,3261.323109,1553130
2018,01,12,3155.190042,1551348
2018,01,13,3617.219339,1675630
2018,01,14,3475.925169,1610944
2018,01,15,3320.989768,1648489
2018,01,16,3455.657089,1719881
2018,01,17,3667.017175,1788672
2018,01,18,3696.637936,1823800
2018,01,19,3983.769787,2006253
2018,01,20,3678.399957,1845135
2018,01,21,3214.930667,1582616
2018,01,22,1964.662599,944265
2018,01,23,1186.70537,558503
2018,02,00,535.18289,230868
2018,02,01,258.75092,88498
2018,02,02,174.668,40270
2018,02,03,175.72403,29227
2018,02,04,303.29427,59252
2018,02,05,719.46322,152997
2018,02,06,1532.709439,374252
2018,02,07,2355.797219,918519
2018,02,08,3018.054578,1419894
2018,02,09,3493.949066,1645127
2018,02,10,3354.287577,1610648
2018,02,11,3113.893919,1466845
2018,02,12,3025.435579,1451620
2018,02,13,3388.146729,1534250
2018,02,14,3234.364248,1462378
2018,02,15,3021.418484,1480835
2018,02,16,3129.795178,1523679
2018,02,17,3321.738353,1590992
2018,02,18,3582.313828,1726321
2018,02,19,3688.254829,1812003
2018,02,20,3378.349656,1651560
2018,02,21,3047.714608,1459941
2018,02,22,2057.266407,958795
2018,02,23,1205.404946,544599
2018,03,00,563.33386,249531
2018,03,01,289.82816,97824
2018,03,02,193.00594,45421
2018,03,03,182.0204,32862
2018,03,04,379.25517,73598
2018,03,05,885.90436,193118
2018,03,06,1976.46327,544723
2018,03,07,2885.20588,1221446
2018,03,08,3372.091757,1746776
2018,03,09,3835.627046,1951529
2018,03,10,3438.544205,1763317
2018,03,11,3118.005168,1566265
2018,03,12,2999.070188,1548507
2018,03,13,3283.108467,1588547
2018,03,14,3111.966287,1516281
2018,03,15,2945.240418,1556974
2018,03,16,3120.089339,1635628
2018,03,17,3319.285349,1712486
2018,03,18,3724.329143,1947000
2018,03,19,4188.706236,2218717
2018,03,20,4025.348645,2109678
2018,03,21,3532.609948,1806470
2018,03,22,2205.117117,1088964
2018,03,23,1235.438858,592448
2018,04,00,563.56543,261738
2018,04,01,287.02722,99857
2018,04,02,187.1919,45658
2018,04,03,160.77213,33337
2018,04,04,337.70005,75809
2018,04,05,945.06364,240390
2018,04,06,2193.896589,714502
2018,04,07,2920.06145,1348127
2018,04,08,3351.066689,1856651
2018,04,09,3743.933647,1990471
2018,04,10,3129.707536,1713866
2018,04,11,2702.355736,1452068
2018,04,12,2579.195616,1399377
2018,04,13,2919.655776,1466304
2018,04,14,2722.967726,1393236
2018,04,15,2637.987878,1481771
2018,04,16,2793.327306,1556398
2018,04,17,2950.228256,1624023
2018,04,18,3330.696436,1862589
2018,04,19,4076.352607,2305827
2018,04,20,4139.267651,2296669
2018,04,21,3584.076857,1929582
2018,04,22,2259.963785,1183943
2018,04,23,1281.684499,647307
2018,05,00,667.973054,320492
2018,05,01,322.564109,121950
2018,05,02,205.45853,54566
2018,05,03,181.04103,39583
2018,05,04,392.41917,92399
2018,05,05,1115.452389,362323
2018,05,06,2527.03338,879081
2018,05,07,3084.69179,1534649
2018,05,08,3585.279489,2075783
2018,05,09,3971.565829,2198971
2018,05,10,3450.539797,1891646
2018,05,11,2945.374094,1607550
2018,05,12,2697.092387,1507202
2018,05,13,2984.754872,1553218
2018,05,14,2830.527327,1477183
2018,05,15,2741.662989,1568416
2018,05,16,2899.440192,1663278
2018,05,17,3080.008945,1758608
2018,05,18,3502.269748,2041839
2018,05,19,4310.631936,2548502
2018,05,20,4733.106374,2714360
2018,05,21,4220.146518,2344227
2018,05,22,2712.842336,1460156
2018,05,23,1542.843936,804304
2018,06,00,801.528365,395922
2018,06,01,386.022599,157762
2018,06,02,243.79057,71136
2018,06,03,201.193689,46485
2018,06,04,402.79213,112912
2018,06,05,1283.53354,464207
2018,06,06,2678.003338,1006077
2018,06,07,3198.483137,1704980
2018,06,08,3830.889755,2313549
2018,06,09,4193.129867,2355203
2018,06,10,3549.658844,1985635
2018,06,11,3019.142736,1675815
2018,06,12,2749.221718,1568928
2018,06,13,3054.25203,1606059
2018,06,14,2876.432677,1514428
2018,06,15,2794.914212,1625877
2018,06,16,3011.183241,1754132
2018,06,17,3229.143921,1877309
2018,06,18,3730.153577,2225173
2018,06,19,4794.983376,2927854
2018,06,20,5480.9399,3233483
2018,06,21,4968.133989,2821266
2018,06,22,3273.740763,1792486
2018,06,23,1915.094786,1024307
2018,07,00,964.536929,486576
2018,07,01,444.70007,182323
2018,07,02,253.589239,77707
2018,07,03,247.30768,57128
2018,07,04,498.2723,141542
2018,07,05,1520.440095,604362
2018,07,06,3157.760358,1310390
2018,07,07,3842.409969,2158308
2018,07,08,4624.47755,2851461
2018,07,09,4836.394007,2790855
2018,07,10,4013.539027,2267378
2018,07,11,3354.859073,1845571
2018,07,12,3034.638818,1705534
2018,07,13,3357.380446,1717573
2018,07,14,3107.381784,1592736
2018,07,15,2915.978214,1687763
2018,07,16,3176.426547,1837189
2018,07,17,3509.791198,2031005
2018,07,18,4199.880338,2515975
2018,07,19,5621.726298,3459881
2018,07,20,6481.500673,3867127
2018,07,21,6004.215634,3450054
2018,07,22,3917.947721,2167342
2018,07,23,2270.992169,1219005
2018,08,00,849.550849,445378
2018,08,01,391.926056,166449
2018,08,02,244.48002,72826
2018,08,03,284.635471,57858
2018,08,04,500.266,142464
2018,08,05,1231.11218,517636
2018,08,06,2792.784602,1245622
2018,08,07,3341.754128,2011016
2018,08,08,4009.336183,2633227
2018,08,09,4188.289994,2593881
2018,08,10,3607.621486,2187696
2018,08,11,2976.800055,1800702
2018,08,12,2675.424173,1684625
2018,08,13,3022.029607,1681607
2018,08,14,2787.89598,1538590
2018,08,15,2616.014402,1611046
2018,08,16,2838.120709,1759343
2018,08,17,3165.201203,1976901
2018,08,18,3851.742268,2493830
2018,08,19,5242.57241,3474030
2018,08,20,5548.347275,3563923
2018,08,21,4795.240752,2982290
2018,08,22,3082.160834,1853612
2018,08,23,1807.546775,1055097
2018,09,00,778.213499,420256
2018,09,01,359.586686,159640
2018,09,02,246.277515,70005
2018,09,03,221.134131,52079
2018,09,04,449.05985,118759
2018,09,05,989.634513,338760
2018,09,06,2460.176762,994051
2018,09,07,3069.310761,1752186
2018,09,08,3653.137515,2340676
2018,09,09,4075.767325,2477582
2018,09,10,3635.501381,2173938
2018,09,11,3118.235715,1868544
2018,09,12,2885.682294,1768592
2018,09,13,3221.161518,1810005
2018,09,14,3072.225021,1740648
2018,09,15,2908.642725,1801062
2018,09,16,3123.125665,1932423
2018,09,17,3366.689874,2090375
2018,09,18,4044.285286,2584877
2018,09,19,5055.971594,3285722
2018,09,20,4975.27951,3174468
2018,09,21,4239.154055,2641883
2018,09,22,2775.811486,1684398
2018,09,23,1710.758252,1004008
2018,10,00,652.254697,348027
2018,10,01,306.247312,132827
2018,10,02,213.836776,59442
2018,10,03,207.61264,45047
2018,10,04,422.532894,106086
2018,10,05,897.709824,290129
2018,10,06,2291.246506,832137
2018,10,07,3197.358985,1677705
2018,10,08,3753.080712,2264424
2018,10,09,4083.147705,2385448
2018,10,10,3527.337499,2035229
2018,10,11,3009.894642,1727171
2018,10,12,2828.368581,1666270
2018,10,13,3189.883031,1741163
2018,10,14,3035.76,1658428
2018,10,15,2920.063061,1756772
2018,10,16,3166.577404,1907241
2018,10,17,3492.487128,2097428
2018,10,18,4029.569135,2461995
2018,10,19,4720.737114,2947075
2018,10,20,4571.714373,2810008
2018,10,21,3997.07766,2398356
2018,10,22,2483.177729,1458597
2018,10,23,1450.384739,831558
2018,11,00,714.123633,323195
2018,11,01,341.993527,125263
2018,11,02,229.259006,56985
2018,11,03,211.951773,42296
2018,11,04,423.2945,96930
2018,11,05,933.393147,264735
2018,11,06,2189.771214,674376
2018,11,07,3276.839096,1511615
2018,11,08,3880.026313,2105421
2018,11,09,4396.042116,2270044
2018,11,10,3928.527136,1976666
2018,11,11,3461.79241,1714204
2018,11,12,3221.024016,1660793
2018,11,13,3668.794466,1736711
2018,11,14,3583.449717,1675399
2018,11,15,3482.300344,1798180
2018,11,16,3802.343243,1954704
2018,11,17,4148.957181,2101808
2018,11,18,4325.090526,2233709
2018,11,19,4906.368126,2604905
2018,11,20,4789.126768,2512673
2018,11,21,4271.63175,2169784
2018,11,22,2774.04602,1364250
2018,11,23,1607.44191,765617
2018,12,00,690.888039,303413
2018,12,01,340.35912,123856
2018,12,02,245.47075,57209
2018,12,03,214.98978,39816
2018,12,04,355.42588,80983
2018,12,05,780.29427,206820
2018,12,06,1853.9699,491668
2018,12,07,2735.674199,1147072
2018,12,08,3497.124229,1778481
2018,12,09,4094.252202,2030601
2018,12,10,3954.691276,1964168
2018,12,11,3571.684805,1782277
2018,12,12,3427.2121,1740850
2018,12,13,3929.601987,1845706
2018,12,14,3802.620085,1788455
2018,12,15,3644.834012,1844791
2018,12,16,3948.842303,1981832
2018,12,17,4230.960752,2089379
2018,12,18,4225.564866,2122394
2018,12,19,4602.766865,2364728
2018,12,20,4374.996642,2228471
2018,12,21,3866.269,1912519
2018,12,22,2496.72597,1206530
2018,12,23,1488.079494,696517
2019,01,00,631.316189,294536
2019,01,01,311.197909,119140
2019,01,02,1312.362044,53829
2019,01,03,1144.187776,37742
2019,01,04,832.678198,77305
2019,01,05,625.02927,196833
2019,01,06,1758.88565,476742
2019,01,07,2550.268918,1081368
2019,01,08,3258.696652,1704629
2019,01,09,3760.240041,1942042
2019,01,10,3520.530026,1851167
2019,01,11,3292.076105,1698497
2019,01,12,3236.379622,1699424
2019,01,13,3763.337133,1819430
2019,01,14,3538.749532,1725400
2019,01,15,3345.644216,1773515
2019,01,16,3574.789425,1868539
2019,01,17,3821.360739,1966759
2019,01,18,4008.170225,2086737
2019,01,19,4435.726922,2363407
2019,01,20,4218.612308,2227308
2019,01,21,3637.449513,1876569
2019,01,22,2285.423131,1153129
2019,01,23,1325.539949,652046
2019,02,00,619.428332,281477
2019,02,01,305.219696,114937
2019,02,02,235.655714,51788
2019,02,03,175.52274,35876
2019,02,04,262.74569,71170
2019,02,05,530.54578,178506
2019,02,06,1562.373779,427188
2019,02,07,2405.043222,1012212
2019,02,08,3097.109897,1579305
2019,02,09,3671.387633,1850631
2019,02,10,3536.038371,1805178
2019,02,11,3322.800063,1669759
2019,02,12,3232.423268,1653393
2019,02,13,3640.144229,1746360
2019,02,14,3465.019599,1664603
2019,02,15,3224.119353,1657552
2019,02,16,3369.565172,1717744
2019,02,17,3576.351181,1805593
2019,02,18,3921.432935,2008572
2019,02,19,4324.843061,2257821
2019,02,20,4005.973167,2075205
2019,02,21,3575.463981,1808528
2019,02,22,2266.056178,1115986
2019,02,23,1375.614456,658898
2019,03,00,578.999979,279620
2019,03,01,280.255725,108533
2019,03,02,204.595032,50022
2019,03,03,154.921467,36152
2019,03,04,272.754595,78903
2019,03,05,585.435744,211482
2019,03,06,1917.563357,586843
2019,03,07,2879.458968,1306722
2019,03,08,3411.95495,1902456
2019,03,09,3921.932662,2118654
2019,03,10,3450.695889,1904390
2019,03,11,3135.543656,1681616
2019,03,12,2985.5333,1663369
2019,03,13,3325.305372,1701199
2019,03,14,3116.130728,1605078
2019,03,15,2926.718549,1630561
2019,03,16,3123.486204,1715766
2019,03,17,3306.242723,1800175
2019,03,18,3745.056196,2070368
2019,03,19,4350.300498,2438746
2019,03,20,4020.397479,2235261
2019,03,21,3732.159571,2017510
2019,03,22,2282.574799,1204999
2019,03,23,1314.410505,673759
2019,04,00,594.842232,292707
2019,04,01,288.388071,112456
2019,04,02,209.184099,50864
2019,04,03,162.259797,37822
2019,04,04,286.877107,87347
2019,04,05,671.867402,264587
2019,04,06,2232.955223,783945
2019,04,07,2990.285605,1482195
2019,04,08,3556.020333,2059316
2019,04,09,3907.142206,2174160
2019,04,10,3212.674322,1833718
2019,04,11,2846.743243,1567239
2019,04,12,2693.346267,1538759
2019,04,13,3109.358758,1618729
2019,04,14,2902.892563,1525480
2019,04,15,2781.363882,1605081
2019,04,16,2941.219342,1678648
2019,04,17,3069.1084,1738873
2019,04,18,3442.343057,1983887
2019,04,19,4266.552408,2496144
2019,04,20,4304.041697,2459737
2019,04,21,3827.12048,2128187
2019,04,22,2321.2097,1257135
2019,04,23,1335.486032,702606
2019,05,00,746.578102,376489
2019,05,01,340.231984,141911
2019,05,02,243.903159,62994
2019,05,03,183.325756,45802
2019,05,04,304.094546,106386
2019,05,05,995.308567,426933
2019,05,06,2676.952272,1015654
2019,05,07,3319.973483,1743928
2019,05,08,3887.467641,2360713
2019,05,09,4274.001025,2447436
2019,05,10,3512.484418,2020825
2019,05,11,3030.648306,1706268
2019,05,12,2802.200077,1630475
2019,05,13,3193.851396,1671183
2019,05,14,3000.255208,1583535
2019,05,15,2873.529145,1680836
2019,05,16,3107.791019,1811941
2019,05,17,3348.583197,1950968
2019,05,18,3803.584599,2269940
2019,05,19,4906.135919,2988381
2019,05,20,5367.604382,3160005
2019,05,21,4848.762189,2754047
2019,05,22,3094.163213,1708980
2019,05,23,1726.94884,924500
2019,06,00,872.643202,446545
2019,06,01,386.821432,166115
2019,06,02,260.848713,73321
2019,06,03,189.332119,53294
2019,06,04,325.599694,122775
2019,06,05,1169.290713,504040
2019,06,06,2720.605126,1075391
2019,06,07,3258.923654,1819183
2019,06,08,3978.014745,2471656
2019,06,09,4339.291218,2549166
2019,06,10,3701.485605,2146873
2019,06,11,3190.60145,1827361
2019,06,12,2964.967653,1752968
2019,06,13,3321.429803,1794933
2019,06,14,3135.308599,1688099
2019,06,15,3020.225312,1770388
2019,06,16,3260.863754,1920259
2019,06,17,3538.094692,2090504
2019,06,18,4051.37111,2463666
2019,06,19,5244.901944,3255789
2019,06,20,5912.661121,3535553
2019,06,21,5408.168512,3118496
2019,06,22,3568.998349,2001775
2019,06,23,1972.528462,1070260
2019,07,00,1035.641854,535063
2019,07,01,443.439241,190862
2019,07,02,269.537178,82052
2019,07,03,216.471348,59045
2019,07,04,361.020731,141431
2019,07,05,1283.712151,573312
2019,07,06,3081.250071,1276846
2019,07,07,3792.037622,2154079
2019,07,08,4576.900529,2865983
2019,07,09,4888.637094,2881875
2019,07,10,4180.309583,2396420
2019,07,11,3550.952765,2036194
2019,07,12,3327.126522,1957489
2019,07,13,3752.184947,1982508
2019,07,14,3523.904922,1859173
2019,07,15,3329.15745,1942714
2019,07,16,3568.99595,2112407
2019,07,17,3920.738402,2341132
2019,07,18,4564.968023,2817991
2019,07,19,6022.532804,3815911
2019,07,20,6730.021863,4100348
2019,07,21,6210.935338,3657602
2019,07,22,4087.568521,2326681
2019,07,23,2311.30882,1273271
2019,08,00,1000.571359,540931
2019,08,01,448.509532,203630
2019,08,02,274.390478,87080
2019,08,03,225.739683,64152
2019,08,04,377.775502,151764
2019,08,05,1177.421678,545205
2019,08,06,3028.754613,1338382
2019,08,07,3719.133878,2203839
2019,08,08,4436.57347,2888227
2019,08,09,4765.59261,2931557
2019,08,10,4115.180126,2469352
2019,08,11,3451.261792,2072546
2019,08,12,3206.531953,1954005
2019,08,13,3557.643426,1952468
2019,08,14,3306.37732,1801967
2019,08,15,3084.577588,1874425
2019,08,16,3341.160474,2045753
2019,08,17,3728.868017,2296363
2019,08,18,4478.214423,2869746
2019,08,19,6132.419648,4017250
2019,08,20,6211.229978,3936919
2019,08,21,5771.816133,3555245
2019,08,22,3722.139174,2219987
2019,08,23,2158.315118,1246073
2019,09,00,861.617495,472762
2019,09,01,393.489377,179851
2019,09,02,248.017049,78420
2019,09,03,204.549698,58662
2019,09,04,345.328068,129440
2019,09,05,886.046457,385022
2019,09,06,2638.180024,1149593
2019,09,07,3606.155975,2053711
2019,09,08,4223.394174,2702151
2019,09,09,4644.296348,2814182
2019,09,10,4103.508381,2444010
2019,09,11,3520.869954,2092626
2019,09,12,3255.733636,1990885
2019,09,13,3664.940271,2020664
2019,09,14,3472.911874,1911195
2019,09,15,3296.35891,2017196
2019,09,16,3527.992338,2167271
2019,09,17,3871.848024,2391687
2019,09,18,4629.03042,2951371
2019,09,19,5825.849166,3767397
2019,09,20,5526.158635,3537658
2019,09,21,5162.835045,3224416
2019,09,22,3332.279187,2025982
2019,09,23,1924.303556,1131752
2019,10,00,752.585281,417289
2019,10,01,366.533697,160985
2019,10,02,240.816484,72350
2019,10,03,215.857719,54090
2019,10,04,324.383642,121983
2019,10,05,764.072433,342752
2019,10,06,2365.7125,956184
2019,10,07,3412.690421,1912717
2019,10,08,3989.005225,2564042
2019,10,09,4336.124403,2711278
2019,10,10,3680.264102,2294015
2019,10,11,3183.224771,1948988
2019,10,12,3020.141204,1882882
2019,10,13,3367.036885,1933914
2019,10,14,3168.463737,1816171
2019,10,15,3036.683875,1921803
2019,10,16,3324.937762,2088355
2019,10,17,3693.890372,2329366
2019,10,18,4312.443642,2775951
2019,10,19,5110.2706,3354763
2019,10,20,4990.588965,3217934
2019,10,21,4369.077577,2760959
2019,10,22,2727.193456,1686904
2019,10,23,1600.470668,963481
2019,11,00,819.565074,381675
2019,11,01,375.487423,147113
2019,11,02,237.237965,67512
2019,11,03,197.672189,48983
2019,11,04,312.914387,104627
2019,11,05,738.040873,294861
2019,11,06,2214.981692,737640
2019,11,07,3452.1278,1646009
2019,11,08,4159.255013,2295273
2019,11,09,4666.459488,2520658
2019,11,10,4125.284768,2181927
2019,11,11,3604.375135,1890148
2019,11,12,3472.154568,1856592
2019,11,13,3923.325456,1939616
2019,11,14,3814.228877,1845361
2019,11,15,3692.748297,1974941
2019,11,16,4057.041295,2146931
2019,11,17,4440.094854,2327011
2019,11,18,4629.135071,2489858
2019,11,19,5306.006257,2934737
2019,11,20,5293.752066,2886447
2019,11,21,4584.628036,2424995
2019,11,22,2981.057007,1529095
2019,11,23,1776.854715,881130
2019,12,00,807.616215,362286
2019,12,01,388.266653,148516
2019,12,02,236.211676,68472
2019,12,03,233.524272,48087
2019,12,04,295.175577,92828
2019,12,05,671.726509,246856
2019,12,06,1972.848355,588866
2019,12,07,3014.763187,1342409
2019,12,08,3786.249928,2004512
2019,12,09,4342.107994,2278240
2019,12,10,4107.171757,2139851
2019,12,11,3681.928533,1926565
2019,12,12,3610.742286,1900818
2019,12,13,4086.140313,1999912
2019,12,14,3928.463487,1917445
2019,12,15,3785.665894,1998002
2019,12,16,4123.925709,2156781
2019,12,17,4428.907607,2290342
2019,12,18,4446.025887,2349231
2019,12,19,5024.508838,2718341
2019,12,20,4921.40298,2630897
2019,12,21,4169.680991,2167116
2019,12,22,2713.218692,1384423
2019,12,23,1645.886671,815133
2020,01,00,838.533065,386330
2020,01,01,400.893921,158392
2020,01,02,253.525362,71742
2020,01,03,227.594268,49597
2020,01,04,280.745581,93382
2020,01,05,600.978417,235518
2020,01,06,1765.252939,546742
2020,01,07,2743.240216,1221372
2020,01,08,3619.271131,1893006
2020,01,09,4230.649111,2220495
2020,01,10,4218.46834,2200597
2020,01,11,3857.292981,2033110
2020,01,12,3846.352206,2021122
2020,01,13,4320.902096,2135913
2020,01,14,4135.824472,2047743
2020,01,15,3969.490929,2070671
2020,01,16,4146.364862,2172874
2020,01,17,4422.130497,2293838
2020,01,18,4621.696087,2432862
2020,01,19,5230.71009,2825260
2020,01,20,5023.24976,2685289
2020,01,21,4295.07713,2241595
2020,01,22,2738.574967,1399891
2020,01,23,1686.791995,838785
2020,02,00,731.422174,350981
2020,02,01,341.165346,139996
2020,02,02,238.096158,63113
2020,02,03,181.637616,42384
2020,02,04,267.021779,79448
2020,02,05,550.108613,210721
2020,02,06,1644.253836,506392
2020,02,07,2545.235414,1181411
2020,02,08,3243.104607,1743538
2020,02,09,3627.875334,1962998
2020,02,10,3657.97393,1931886
2020,02,11,3453.904494,1829189
2020,02,12,3538.576929,1888686
2020,02,13,4022.06067,2062676
2020,02,14,3907.090678,2005525
2020,02,15,3769.887439,2012762
2020,02,16,3875.680951,2071333
2020,02,17,4102.694096,2171261
2020,02,18,4483.53672,2408168
2020,02,19,5069.509314,2798316
2020,02,20,4860.948495,2673088
2020,02,21,4008.946352,2158907
2020,02,22,2403.605707,1270481
2020,02,23,1489.463819,760701
2020,03,00,749.712024,372270
2020,03,01,370.482207,155532
2020,03,02,253.999637,69640
2020,03,03,159.642202,44973
2020,03,04,240.482081,80304
2020,03,05,576.770911,222568
2020,03,06,1865.933372,628549
2020,03,07,2732.119821,1360790
2020,03,08,3345.612841,1876672
2020,03,09,3679.390202,2044329
2020,03,10,3806.750646,2105517
2020,03,11,3666.776492,2031138
2020,03,12,3726.211392,2121380
2020,03,13,4301.927698,2359834
2020,03,14,4229.495644,2307023
2020,03,15,3893.379513,2192031
2020,03,16,3893.646225,2176225
2020,03,17,4129.339425,2280671
2020,03,18,4589.360868,2596959
2020,03,19,5584.24201,3240327
2020,03,20,5341.368053,3093629
2020,03,21,4482.213915,2526282
2020,03,22,2662.83871,1467150
2020,03,23,1448.63901,767878
2020,04,00,714.025868,361717
2020,04,01,348.194239,148037
2020,04,02,228.728979,67111
2020,04,03,151.76887,44824
2020,04,04,255.088487,87724
2020,04,05,619.815304,275620
2020,04,06,2053.930383,801572
2020,04,07,2812.428526,1484971
2020,04,08,3384.344067,1977118
2020,04,09,3673.9289,2126200
2020,04,10,3649.93689,2106213
2020,04,11,3342.682661,1949808
2020,04,12,3290.333227,1976827
2020,04,13,3817.423951,2151786
2020,04,14,3690.61086,2066901
2020,04,15,3407.094923,1994956
2020,04,16,3441.107209,1996566
2020,04,17,3653.838349,2093648
2020,04,18,4019.655263,2361834
2020,04,19,5189.781486,3109874
2020,04,20,5181.992293,3055413
2020,04,21,4286.597841,2458966
2020,04,22,2603.303301,1457868
2020,04,23,1419.392013,768003
2020,05,00,925.041285,469789
2020,05,01,432.999442,189678
2020,05,02,265.621248,84167
2020,05,03,191.498606,56011
2020,05,04,315.899348,113282
2020,05,05,978.150795,433527
2020,05,06,2538.650419,998381
2020,05,07,3210.460888,1705986
2020,05,08,3859.074573,2255804
2020,05,09,4220.500283,2405002
2020,05,10,4013.792072,2292846
2020,05,11,3634.91655,2103013
2020,05,12,3557.723265,2103952
2020,05,13,4072.949777,2239702
2020,05,14,3903.261123,2148411
2020,05,15,3708.974482,2169870
2020,05,16,3795.291826,2196476
2020,05,17,4067.089735,2359712
2020,05,18,4553.158538,2711538
2020,05,19,5927.533914,3596052
2020,05,20,6342.264495,3726818
2020,05,21,5496.610307,3125833
2020,05,22,3455.159607,1914964
2020,05,23,1915.19439,1027613
2020,06,00,1016.953185,523548
2020,06,01,437.024187,196568
2020,06,02,257.965505,85658
2020,06,03,192.824479,60870
2020,06,04,359.313019,147632
2020,06,05,1302.601807,607791
2020,06,06,2888.780772,1267588
2020,06,07,3687.84587,2115092
2020,06,08,4289.676611,2679173
2020,06,09,4524.276512,2651524
2020,06,10,4027.715254,2305140
2020,06,11,3456.067404,2022222
2020,06,12,3387.417007,2013406
2020,06,13,3830.493248,2071179
2020,06,14,3659.867408,1986157
2020,06,15,3558.909123,2090129
2020,06,16,3784.586501,2230905
2020,06,17,4037.386039,2399885
2020,06,18,4647.966802,2861138
2020,06,19,6199.199118,3909494
2020,06,20,6971.524852,4239141
2020,06,21,6334.622148,3706222
2020,06,22,3951.068154,2243764
2020,06,23,2182.831738,1197781
2020,07,00,1122.947663,595304
2020,07,01,489.057591,223125
2020,07,02,276.11421,96840
2020,07,03,216.164343,67652
2020,07,04,372.862844,150796
2020,07,05,1254.724728,589981
2020,07,06,2997.456457,1322847
2020,07,07,3817.884521,2236026
2020,07,08,4417.095267,2824670
2020,07,09,4779.423503,2864590
2020,07,10,4404.949226,2571063
2020,07,11,3835.463641,2289308
2020,07,12,3744.819209,2291780
2020,07,13,4228.026029,2376696
2020,07,14,4058.475507,2283547
2020,07,15,3942.435827,2390218
2020,07,16,4134.313363,2506300
2020,07,17,4375.358829,2668405
2020,07,18,5001.428899,3162253
2020,07,19,6581.590093,4257185
2020,07,20,7158.264273,4478443
2020,07,21,6658.325845,4023540
2020,07,22,4188.38885,2448772
2020,07,23,2317.362935,1307322
2020,08,00,1100.68109,620321
2020,08,01,491.312635,238643
2020,08,02,281.274732,104794
2020,08,03,210.740769,72996
2020,08,04,375.21218,151448
2020,08,05,1076.468773,530488
2020,08,06,2866.059923,1349317
2020,08,07,3651.86772,2232407
2020,08,08,4266.637813,2872162
2020,08,09,4702.341668,2968686
2020,08,10,4380.460256,2720114
2020,08,11,3969.060162,2426377
2020,08,12,3734.731326,2383313
2020,08,13,4159.213028,2439891
2020,08,14,3955.339923,2341286
2020,08,15,3813.625803,2383014
2020,08,16,4025.633198,2537254
2020,08,17,4443.014987,2835937
2020,08,18,5208.38567,3466994
2020,08,19,7038.345619,4792196
2020,08,20,6954.222436,4611654
2020,08,21,6382.116216,4107776
2020,08,22,3963.928732,2469774
2020,08,23,2191.122764,1312000
2020,09,00,874.520908,531588
2020,09,01,371.827821,204185
2020,09,02,212.064367,91325
2020,09,03,158.568542,65081
2020,09,04,324.155641,136028
2020,09,05,826.21394,412365
2020,09,06,2491.501404,1206686
2020,09,07,3286.962345,2101841
2020,09,08,3705.371932,2648072
2020,09,09,4042.137088,2696693
2020,09,10,3795.104085,2494361
2020,09,11,3319.537109,2238577
2020,09,12,3300.789294,2277794
2020,09,13,3809.118005,2421382
2020,09,14,3668.880206,2338694
2020,09,15,3562.557928,2391774
2020,09,16,3744.373837,2531880
2020,09,17,3997.465461,2716929
2020,09,18,4750.848219,3351608
2020,09,19,6158.312675,4435229
2020,09,20,6086.599556,4312421
2020,09,21,5151.069085,3557364
2020,09,22,3188.651399,2135913
2020,09,23,1782.019675,1144616
2020,10,00,871.876326,487929
2020,10,01,371.446162,192050
2020,10,02,228.598144,86168
2020,10,03,179.472813,61877
2020,10,04,350.437229,126490
2020,10,05,772.224729,353195
2020,10,06,2248.134789,984243
2020,10,07,3322.593084,1918478
2020,10,08,3976.406847,2541379
2020,10,09,4369.648634,2727597
2020,10,10,4188.699634,2548229
2020,10,11,3628.985152,2295828
2020,10,12,3569.106691,2288854
2020,10,13,4025.879551,2384929
2020,10,14,3858.92518,2295476
2020,10,15,3760.127426,2353778
2020,10,16,3928.347393,2463641
2020,10,17,4210.015623,2638038
2020,10,18,4800.030047,3082307
2020,10,19,5772.415467,3798441
2020,10,20,5665.000191,3683476
2020,10,21,4725.477067,2993552
2020,10,22,2952.714383,1834928
2020,10,23,1672.389024,1004696
2020,11,00,918.763503,443183
2020,11,01,380.129656,172150
2020,11,02,230.804258,79385
2020,11,03,189.960976,57119
2020,11,04,403.017925,116680
2020,11,05,836.397297,319641
2020,11,06,2167.774651,791002
2020,11,07,3364.802545,1709351
2020,11,08,4251.626063,2350775
2020,11,09,4705.506185,2526198
2020,11,10,4503.145879,2363770
2020,11,11,3957.073956,2154723
2020,11,12,4023.646508,2218821
2020,11,13,4586.919019,2350415
2020,11,14,4520.588628,2306329
2020,11,15,4551.184233,2417778
2020,11,16,4755.357889,2533886
2020,11,17,5070.010231,2672840
2020,11,18,5236.133541,2848424
2020,11,19,6148.912092,3473941
2020,11,20,5975.352806,3356430
2020,11,21,5133.237403,2791722
2020,11,22,3234.209846,1718339
2020,11,23,1853.989328,950390
2020,12,00,853.180662,423448
2020,12,01,364.866794,170321
2020,12,02,196.747481,75751
2020,12,03,125.472096,51112
2020,12,04,327.987423,98967
2020,12,05,703.297767,261548
2020,12,06,1796.501359,633540
2020,12,07,2843.354763,1412767
2020,12,08,3741.353148,2021662
2020,12,09,4285.782843,2252163
2020,12,10,4436.406481,2332203
2020,12,11,4116.549407,2257373
2020,12,12,4328.613078,2416310
2020,12,13,5103.845238,2691678
2020,12,14,5085.138485,2671143
2020,12,15,4897.515114,2626753
2020,12,16,5030.728155,2670963
2020,12,17,5233.255787,2726625
2020,12,18,5177.610337,2783407
2020,12,19,6015.166968,3369493
2020,12,20,5763.760261,3209165
2020,12,21,4880.637594,2649971
2020,12,22,2900.632118,1553921
2020,12,23,1695.444096,882708
