Cityname,Year,Month,disDay,disQuantity(ton),disCount
Hwaseong,2017,07,Sun,530.1729,259825
Hwaseong,2017,07,Mon,451.4257,233263
Hwaseong,2017,07,Tues,345.87945,188742
Hwaseong,2017,07,Wed,326.51175,182166
Hwaseong,2017,07,Thu,320.44073,180635
Hwaseong,2017,07,Fri,294.020258,164808
Hwaseong,2017,07,Sat,404.99908,211379
Hwaseong,2017,08,Sun,373.7995,200138
Hwaseong,2017,08,Mon,319.8637,179683
Hwaseong,2017,08,Tues,389.4655,223019
Hwaseong,2017,08,Wed,369.55835,216219
Hwaseong,2017,08,Thu,362.269,212864
Hwaseong,2017,08,Fri,290.0895,170368
Hwaseong,2017,08,Sat,290.32495,163893
Hwaseong,2017,09,Sun,383.60146,210286
Hwaseong,2017,09,Mon,314.68893,181126
Hwaseong,2017,09,Tues,271.4588,165444
Hwaseong,2017,09,Wed,266.23887,161881
Hwaseong,2017,09,Thu,267.69883,162792
Hwaseong,2017,09,Fri,324.35622,196904
Hwaseong,2017,09,Sat,353.9252,201545
Hwaseong,2017,10,Sun,485.39467,242849
Hwaseong,2017,10,Mon,467.69151,240061
Hwaseong,2017,10,Tues,397.89994,212165
Hwaseong,2017,10,Wed,272.58573,148176
Hwaseong,2017,10,Thu,273.91508,148587
Hwaseong,2017,10,Fri,273.81809,148700
Hwaseong,2017,10,Sat,291.739,151634
Hwaseong,2017,11,Sun,483.79498,196278
Hwaseong,2017,11,Mon,383.03661,164523
Hwaseong,2017,11,Tues,339.68962,152738
Hwaseong,2017,11,Wed,391.1573,183210
Hwaseong,2017,11,Thu,386.87179,180818
Hwaseong,2017,11,Fri,308.69344,139927
Hwaseong,2017,11,Sat,329.84123,138669
Hwaseong,2017,12,Sun,498.98038,207881
Hwaseong,2017,12,Mon,347.44825,149887
Hwaseong,2017,12,Tues,289.81782,130433
Hwaseong,2017,12,Wed,275.59523,127470
Hwaseong,2017,12,Thu,278.31683,128453
Hwaseong,2017,12,Fri,344.63252,158466
Hwaseong,2017,12,Sat,374.97914,162009
Hwaseong,2018,01,Sun,409.45371,174062
Hwaseong,2018,01,Mon,420.58291,183080
Hwaseong,2018,01,Tues,351.46453,158747
Hwaseong,2018,01,Wed,333.70292,154882
Hwaseong,2018,01,Thu,263.76914,122308
Hwaseong,2018,01,Fri,258.3282,119900
Hwaseong,2018,01,Sat,278.76463,122875
Hwaseong,2018,02,Sun,382.65985,160018
Hwaseong,2018,02,Mon,326.75711,141940
Hwaseong,2018,02,Tues,291.08884,130208
Hwaseong,2018,02,Wed,298.39078,135045
Hwaseong,2018,02,Thu,316.00725,141392
Hwaseong,2018,02,Fri,260.8656,117399
Hwaseong,2018,02,Sat,274.86069,117733
Hwaseong,2018,03,Sun,418.90402,184896
Hwaseong,2018,03,Mon,332.41043,152520
Hwaseong,2018,03,Tues,297.7237,142082
Hwaseong,2018,03,Wed,274.76457,135727
Hwaseong,2018,03,Thu,361.8185,172075
Hwaseong,2018,03,Fri,349.3682,170463
Hwaseong,2018,03,Sat,367.86028,170625
Hwaseong,2018,04,Sun,498.6196,235611
Hwaseong,2018,04,Mon,408.724,199429
Hwaseong,2018,04,Tues,298.78673,151407
Hwaseong,2018,04,Wed,279.81613,145822
Hwaseong,2018,04,Thu,259.41418,136388
Hwaseong,2018,04,Fri,268.88609,141014
Hwaseong,2018,04,Sat,271.41646,133180
Hwaseong,2018,05,Sun,412.09205,197882
Hwaseong,2018,05,Mon,364.32806,182515
Hwaseong,2018,05,Tues,391.53148,201865
Hwaseong,2018,05,Wed,378.72164,198720
Hwaseong,2018,05,Thu,372.95654,197644
Hwaseong,2018,05,Fri,299.13978,158898
Hwaseong,2018,05,Sat,294.43895,148471
Hwaseong,2018,06,Sun,478.1761,234779
Hwaseong,2018,06,Mon,385.19749,201707
Hwaseong,2018,06,Tues,299.30291,164156
Hwaseong,2018,06,Wed,373.00319,199819
Hwaseong,2018,06,Thu,332.84844,181700
Hwaseong,2018,06,Fri,405.20869,224657
Hwaseong,2018,06,Sat,441.92676,228493
Hwaseong,2018,07,Sun,590.53517,291088
Hwaseong,2018,07,Mon,505.31869,264283
Hwaseong,2018,07,Tues,488.86353,268827
Hwaseong,2018,07,Wed,367.18532,207849
Hwaseong,2018,07,Thu,362.92105,204989
Hwaseong,2018,07,Fri,348.71059,198305
Hwaseong,2018,07,Sat,379.48089,199454
Hwaseong,2018,08,Sun,426.43342,231755
Hwaseong,2018,08,Mon,352.63054,200707
Hwaseong,2018,08,Tues,307.5503,182568
Hwaseong,2018,08,Wed,421.29751,248377
Hwaseong,2018,08,Thu,411.2632,243705
Hwaseong,2018,08,Fri,377.48157,225872
Hwaseong,2018,08,Sat,326.7258,185137
Hwaseong,2018,09,Sun,534.12698,291016
Hwaseong,2018,09,Mon,320.75262,181705
Hwaseong,2018,09,Tues,313.84542,182253
Hwaseong,2018,09,Wed,318.83401,186849
Hwaseong,2018,09,Thu,300.38317,178029
Hwaseong,2018,09,Fri,305.07758,181530
Hwaseong,2018,09,Sat,417.50156,235153
Hwaseong,2018,10,Sun,426.29334,219823
Hwaseong,2018,10,Mon,424.21499,228097
Hwaseong,2018,10,Tues,384.51027,213732
Hwaseong,2018,10,Wed,383.59173,214587
Hwaseong,2018,10,Thu,287.98774,164559
Hwaseong,2018,10,Fri,267.21293,150588
Hwaseong,2018,10,Sat,280.72199,150145
Hwaseong,2018,11,Sun,508.28109,218550
Hwaseong,2018,11,Mon,409.644485,185625
Hwaseong,2018,11,Tues,347.72139,163981
Hwaseong,2018,11,Wed,338.18119,161166
Hwaseong,2018,11,Thu,402.12449,193239
Hwaseong,2018,11,Fri,440.155,206689
Hwaseong,2018,11,Sat,364.7192,160265
Hwaseong,2018,12,Sun,564.11421,246885
Hwaseong,2018,12,Mon,440.22605,200590
Hwaseong,2018,12,Tues,336.51318,157775
Hwaseong,2018,12,Wed,305.23496,147519
Hwaseong,2018,12,Thu,282.92879,137997
Hwaseong,2018,12,Fri,272.74209,133314
Hwaseong,2018,12,Sat,390.20715,177355
Hwaseong,2019,01,Sun,419.42756,188960
Hwaseong,2019,01,Mon,338.72515,156742
Hwaseong,2019,01,Tues,383.742359,180934
Hwaseong,2019,01,Wed,371.84816,179653
Hwaseong,2019,01,Thu,368.81467,177891
Hwaseong,2019,01,Fri,276.35571,135448
Hwaseong,2019,01,Sat,283.01614,131850
Hwaseong,2019,02,Sun,435.05193,193314
Hwaseong,2019,02,Mon,378.318769,171060
Hwaseong,2019,02,Tues,294.0539,137561
Hwaseong,2019,02,Wed,319.19907,149555
Hwaseong,2019,02,Thu,298.8618,143518
Hwaseong,2019,02,Fri,291.64783,140292
Hwaseong,2019,02,Sat,327.64601,150366
Hwaseong,2019,03,Sun,549.213649,258211
Hwaseong,2019,03,Mon,328.946339,160092
Hwaseong,2019,03,Tues,286.051039,144066
Hwaseong,2019,03,Wed,250.89887,128859
Hwaseong,2019,03,Thu,282.78622,144978
Hwaseong,2019,03,Fri,344.61037,175167
Hwaseong,2019,03,Sat,363.162239,175732
Hwaseong,2019,04,Sun,428.77592,207485
Hwaseong,2019,04,Mon,438.589759,219325
Hwaseong,2019,04,Tues,358.006598,188797
Hwaseong,2019,04,Wed,292.28462,155687
Hwaseong,2019,04,Thu,278.9784,148095
Hwaseong,2019,04,Fri,265.10838,142024
Hwaseong,2019,04,Sat,295.40965,148423
Hwaseong,2019,05,Sun,444.21529,218837
Hwaseong,2019,05,Mon,372.489879,189773
Hwaseong,2019,05,Tues,336.941739,180529
Hwaseong,2019,05,Wed,404.330209,218292
Hwaseong,2019,05,Thu,401.774798,218898
Hwaseong,2019,05,Fri,380.711448,208772
Hwaseong,2019,05,Sat,336.33335,172582
Hwaseong,2019,06,Sun,642.948866,324106
Hwaseong,2019,06,Mon,394.18633,208000
Hwaseong,2019,06,Tues,351.08734,195559
Hwaseong,2019,06,Wed,342.986779,194579
Hwaseong,2019,06,Thu,347.373897,194887
Hwaseong,2019,06,Fri,339.09852,190447
Hwaseong,2019,06,Sat,459.868709,241676
Hwaseong,2019,07,Sun,543.917746,278268
Hwaseong,2019,07,Mon,533.798459,289411
Hwaseong,2019,07,Tues,485.941031,275146
Hwaseong,2019,07,Wed,456.889511,261895
Hwaseong,2019,07,Thu,373.587668,214664
Hwaseong,2019,07,Fri,367.048576,208043
Hwaseong,2019,07,Sat,418.147973,221818
Hwaseong,2019,08,Sun,504.337067,274371
Hwaseong,2019,08,Mon,409.739589,231507
Hwaseong,2019,08,Tues,366.613087,215755
Hwaseong,2019,08,Wed,365.323236,217834
Hwaseong,2019,08,Thu,474.2283,278206
Hwaseong,2019,08,Fri,434.499389,256940
Hwaseong,2019,08,Sat,417.265231,237186
Hwaseong,2019,09,Sun,628.458763,344031
Hwaseong,2019,09,Mon,493.153916,282691
Hwaseong,2019,09,Tues,348.720764,208714
Hwaseong,2019,09,Wed,371.468939,221519
Hwaseong,2019,09,Thu,374.158374,221733
Hwaseong,2019,09,Fri,342.436098,200699
Hwaseong,2019,09,Sat,332.313081,185097
Hwaseong,2019,10,Sun,463.357177,254282
Hwaseong,2019,10,Mon,351.270887,197555
Hwaseong,2019,10,Tues,409.520367,241527
Hwaseong,2019,10,Wed,382.870852,226395
Hwaseong,2019,10,Thu,436.280847,255479
Hwaseong,2019,10,Fri,313.422261,187105
Hwaseong,2019,10,Sat,321.384524,182460
Hwaseong,2019,11,Sun,506.426102,226724
Hwaseong,2019,11,Mon,460.799566,215147
Hwaseong,2019,11,Tues,378.828573,185918
Hwaseong,2019,11,Wed,351.038921,174647
Hwaseong,2019,11,Thu,373.683807,183471
Hwaseong,2019,11,Fri,437.055954,214587
Hwaseong,2019,11,Sat,488.460367,222608
Hwaseong,2019,12,Sun,600.884646,274397
Hwaseong,2019,12,Mon,480.471704,228432
Hwaseong,2019,12,Tues,395.579093,195844
Hwaseong,2019,12,Wed,337.633576,168644
Hwaseong,2019,12,Thu,320.538372,161118
Hwaseong,2019,12,Fri,296.768796,150132
Hwaseong,2019,12,Sat,325.628524,155879
Hwaseong,2020,01,Sun,444.0959,204568
Hwaseong,2020,01,Mon,378.159612,178029
Hwaseong,2020,01,Tues,334.472522,161488
Hwaseong,2020,01,Wed,447.576781,216602
Hwaseong,2020,01,Thu,467.523861,227826
Hwaseong,2020,01,Fri,435.636717,211570
Hwaseong,2020,01,Sat,319.046178,149894
Hwaseong,2020,02,Sun,509.378998,234652
Hwaseong,2020,02,Mon,369.543685,176669
Hwaseong,2020,02,Tues,337.008468,166908
Hwaseong,2020,02,Wed,327.108042,163639
Hwaseong,2020,02,Thu,353.611467,177185
Hwaseong,2020,02,Fri,307.990073,154870
Hwaseong,2020,02,Sat,464.35224,220455
Hwaseong,2020,03,Sun,610.637976,296396
Hwaseong,2020,03,Mon,470.49079,237851
Hwaseong,2020,03,Tues,416.08274,216441
Hwaseong,2020,03,Wed,335.980256,175343
Hwaseong,2020,03,Thu,334.023832,174766
Hwaseong,2020,03,Fri,316.835669,166262
Hwaseong,2020,03,Sat,353.420046,177845
Hwaseong,2020,04,Sun,456.047529,227216
Hwaseong,2020,04,Mon,382.864752,197732
Hwaseong,2020,04,Tues,329.375637,176750
Hwaseong,2020,04,Wed,419.324853,225599
Hwaseong,2020,04,Thu,440.692461,236882
Hwaseong,2020,04,Fri,305.470328,164485
Hwaseong,2020,04,Sat,347.318998,178724
Hwaseong,2020,05,Sun,680.847913,336074
Hwaseong,2020,05,Mon,393.816743,204047
Hwaseong,2020,05,Tues,384.049757,203891
Hwaseong,2020,05,Wed,378.023823,203497
Hwaseong,2020,05,Thu,375.078781,204136
Hwaseong,2020,05,Fri,423.756489,227872
Hwaseong,2020,05,Sat,477.022812,242267
Hwaseong,2020,06,Sun,593.253108,298258
Hwaseong,2020,06,Mon,546.636952,291307
Hwaseong,2020,06,Tues,508.968434,281791
Hwaseong,2020,06,Wed,372.741104,208321
Hwaseong,2020,06,Thu,413.499324,231689
Hwaseong,2020,06,Fri,371.108316,208283
Hwaseong,2020,06,Sat,427.631475,221951
Hwaseong,2020,07,Sun,580.187219,300707
Hwaseong,2020,07,Mon,443.317251,242599
Hwaseong,2020,07,Tues,428.412381,244737
Hwaseong,2020,07,Wed,497.212169,284377
Hwaseong,2020,07,Thu,498.65534,286291
Hwaseong,2020,07,Fri,503.172623,289213
Hwaseong,2020,07,Sat,441.031558,237345
Hwaseong,2020,08,Sun,685.469756,380854
Hwaseong,2020,08,Mon,536.614396,313608
Hwaseong,2020,08,Tues,420.026291,250367
Hwaseong,2020,08,Wed,391.976257,240435
Hwaseong,2020,08,Thu,382.917302,236130
Hwaseong,2020,08,Fri,367.97157,229230
Hwaseong,2020,08,Sat,474.176566,272450
Hwaseong,2020,09,Sun,503.230092,297744
Hwaseong,2020,09,Mon,361.659048,220678
Hwaseong,2020,09,Tues,479.731207,305972
Hwaseong,2020,09,Wed,449.689516,283431
Hwaseong,2020,09,Thu,363.074137,235602
Hwaseong,2020,09,Fri,323.88732,211283
Hwaseong,2020,09,Sat,367.022624,223579
Hwaseong,2020,10,Sun,500.908884,275470
Hwaseong,2020,10,Mon,380.493805,217223
Hwaseong,2020,10,Tues,341.28575,202055
Hwaseong,2020,10,Wed,332.033886,197536
Hwaseong,2020,10,Thu,429.119725,251668
Hwaseong,2020,10,Fri,421.975164,242631
Hwaseong,2020,10,Sat,445.579504,247786
Hwaseong,2020,11,Sun,721.300495,327917
Hwaseong,2020,11,Mon,553.697432,266868
Hwaseong,2020,11,Tues,388.097131,194934
Hwaseong,2020,11,Wed,378.748299,191638
Hwaseong,2020,11,Thu,398.372813,198758
Hwaseong,2020,11,Fri,391.598493,190669
Hwaseong,2020,11,Sat,437.41867,198136
Hwaseong,2020,12,Sun,565.704257,265691
Hwaseong,2020,12,Mon,403.575591,198350
Hwaseong,2020,12,Tues,457.246018,230509
Hwaseong,2020,12,Wed,442.607987,226583
Hwaseong,2020,12,Thu,470.501863,241850
Hwaseong,2020,12,Fri,361.180819,182539
Hwaseong,2020,12,Sat,405.069939,195338
Ulsan,2017,07,Sun,15.80365,10272
Ulsan,2017,07,Mon,15.41925,10588
Ulsan,2017,07,Tues,11.24915,8064
Ulsan,2017,07,Wed,11.443,8268
Ulsan,2017,07,Thu,11.1353,8035
Ulsan,2017,07,Fri,10.9754,7992
Ulsan,2017,07,Sat,13.83515,9577
Ulsan,2017,08,Sun,12.7334,8793
Ulsan,2017,08,Mon,12.5578,8780
Ulsan,2017,08,Tues,15.66,11412
Ulsan,2017,08,Wed,14.7463,10911
Ulsan,2017,08,Thu,14.62125,10783
Ulsan,2017,08,Fri,11.241,8488
Ulsan,2017,08,Sat,11.34905,8246
Ulsan,2017,09,Sun,15.8917,11130
Ulsan,2017,09,Mon,15.38855,11121
Ulsan,2017,09,Tues,13.7536,10683
Ulsan,2017,09,Wed,12.56125,9924
Ulsan,2017,09,Thu,13.7667,10596
Ulsan,2017,09,Fri,15.96,12540
Ulsan,2017,09,Sat,17.15585,12597
Ulsan,2017,10,Sun,20.8302,13058
Ulsan,2017,10,Mon,23.01045,14669
Ulsan,2017,10,Tues,21.2595,13808
Ulsan,2017,10,Wed,14.77295,9983
Ulsan,2017,10,Thu,13.2885,9016
Ulsan,2017,10,Fri,14.49445,9762
Ulsan,2017,10,Sat,14.74505,9631
Ulsan,2017,11,Sun,17.60445,9547
Ulsan,2017,11,Mon,17.95275,9980
Ulsan,2017,11,Tues,15.58345,9388
Ulsan,2017,11,Wed,19.3389,11955
Ulsan,2017,11,Thu,17.79655,11011
Ulsan,2017,11,Fri,14.541,9149
Ulsan,2017,11,Sat,14.57485,8541
Ulsan,2017,12,Sun,21.94885,10848
Ulsan,2017,12,Mon,17.549,9024
Ulsan,2017,12,Tues,14.71885,8146
Ulsan,2017,12,Wed,14.39505,8271
Ulsan,2017,12,Thu,13.9475,7942
Ulsan,2017,12,Fri,18.62175,10323
Ulsan,2017,12,Sat,20.55095,10356
Ulsan,2018,01,Sun,15.56005,8353
Ulsan,2018,01,Mon,19.01935,10448
Ulsan,2018,01,Tues,16.75345,9685
Ulsan,2018,01,Wed,16.75055,9766
Ulsan,2018,01,Thu,12.98,7550
Ulsan,2018,01,Fri,13.1295,7529
Ulsan,2018,01,Sat,13.9262,7825
Ulsan,2018,02,Sun,13.99435,7417
Ulsan,2018,02,Mon,15.57065,8414
Ulsan,2018,02,Tues,13.7544,7964
Ulsan,2018,02,Wed,14.0024,8122
Ulsan,2018,02,Thu,16.0796,8904
Ulsan,2018,02,Fri,12.71715,7340
Ulsan,2018,02,Sat,13.31885,7305
Ulsan,2018,03,Sun,15.58085,8798
Ulsan,2018,03,Mon,13.18875,7756
Ulsan,2018,03,Tues,13.58945,8251
Ulsan,2018,03,Wed,11.96595,7484
Ulsan,2018,03,Thu,16.82755,10050
Ulsan,2018,03,Fri,15.8208,9944
Ulsan,2018,03,Sat,15.9539,9603
Ulsan,2018,04,Sun,19.1841,11242
Ulsan,2018,04,Mon,17.0805,10632
Ulsan,2018,04,Tues,13.22375,8428
Ulsan,2018,04,Wed,12.34205,8193
Ulsan,2018,04,Thu,12.41175,8245
Ulsan,2018,04,Fri,12.13525,8060
Ulsan,2018,04,Sat,11.53135,7354
Ulsan,2018,05,Sun,15.44865,9365
Ulsan,2018,05,Mon,15.48435,9904
Ulsan,2018,05,Tues,18.26285,11903
Ulsan,2018,05,Wed,17.0253,11255
Ulsan,2018,05,Thu,17.6193,11831
Ulsan,2018,05,Fri,13.5187,9129
Ulsan,2018,05,Sat,13.2169,8643
Ulsan,2018,06,Sun,19.9199,12160
Ulsan,2018,06,Mon,19.40655,12415
Ulsan,2018,06,Tues,15.8309,10781
Ulsan,2018,06,Wed,18.43555,12320
Ulsan,2018,06,Thu,16.8527,11473
Ulsan,2018,06,Fri,20.85575,14520
Ulsan,2018,06,Sat,21.43055,13804
Ulsan,2018,07,Sun,32.83715,19857
Ulsan,2018,07,Mon,32.1954,20618
Ulsan,2018,07,Tues,28.61515,18826
Ulsan,2018,07,Wed,25.125,16756
Ulsan,2018,07,Thu,23.05915,15395
Ulsan,2018,07,Fri,22.4642,15145
Ulsan,2018,07,Sat,23.9907,15441
Ulsan,2018,08,Sun,23.62155,15552
Ulsan,2018,08,Mon,22.99025,15798
Ulsan,2018,08,Tues,22.15475,15977
Ulsan,2018,08,Wed,26.74505,19192
Ulsan,2018,08,Thu,25.69355,18683
Ulsan,2018,08,Fri,25.6189,18724
Ulsan,2018,08,Sat,20.59255,14517
Ulsan,2018,09,Sun,33.2249,21714
Ulsan,2018,09,Mon,22.5066,15326
Ulsan,2018,09,Tues,20.70375,14517
Ulsan,2018,09,Wed,20.7461,14832
Ulsan,2018,09,Thu,20.23655,14440
Ulsan,2018,09,Fri,19.58245,13937
Ulsan,2018,09,Sat,28.74045,19625
Ulsan,2018,10,Sun,23.85675,14901
Ulsan,2018,10,Mon,28.33705,18509
Ulsan,2018,10,Tues,25.11835,17437
Ulsan,2018,10,Wed,25.81285,17565
Ulsan,2018,10,Thu,19.91325,13941
Ulsan,2018,10,Fri,17.5271,12330
Ulsan,2018,10,Sat,19.36565,12852
Ulsan,2018,11,Sun,28.021,15414
Ulsan,2018,11,Mon,28.2122,16125
Ulsan,2018,11,Tues,24.86215,15007
Ulsan,2018,11,Wed,23.5054,14427
Ulsan,2018,11,Thu,27.7675,16911
Ulsan,2018,11,Fri,30.63515,18580
Ulsan,2018,11,Sat,23.86415,13931
Ulsan,2018,12,Sun,38.45165,18921
Ulsan,2018,12,Mon,35.01245,18707
Ulsan,2018,12,Tues,25.96805,14101
Ulsan,2018,12,Wed,25.872,14464
Ulsan,2018,12,Thu,23.90385,13499
Ulsan,2018,12,Fri,23.1686,12962
Ulsan,2018,12,Sat,33.4141,17215
Ulsan,2019,01,Sun,25.9081,14032
Ulsan,2019,01,Mon,25.7283,14391
Ulsan,2019,01,Tues,27.62565,15992
Ulsan,2019,01,Wed,28.44395,16758
Ulsan,2019,01,Thu,27.11555,15960
Ulsan,2019,01,Fri,21.83775,12909
Ulsan,2019,01,Sat,21.4844,12134
Ulsan,2019,02,Sun,29.8284,15672
Ulsan,2019,02,Mon,29.48065,15936
Ulsan,2019,02,Tues,22.7125,12762
Ulsan,2019,02,Wed,23.39685,13422
Ulsan,2019,02,Thu,22.03675,12828
Ulsan,2019,02,Fri,22.5012,13106
Ulsan,2019,02,Sat,24.0181,13370
Ulsan,2019,03,Sun,30.59985,17579
Ulsan,2019,03,Mon,25.19405,14954
Ulsan,2019,03,Tues,19.8145,12411
Ulsan,2019,03,Wed,19.23705,12168
Ulsan,2019,03,Thu,19.39465,12443
Ulsan,2019,03,Fri,25.0004,15942
Ulsan,2019,03,Sat,26.08305,15825
Ulsan,2019,04,Sun,25.5979,15198
Ulsan,2019,04,Mon,29.56845,18136
Ulsan,2019,04,Tues,27.667,17656
Ulsan,2019,04,Wed,21.2391,13647
Ulsan,2019,04,Thu,21.23945,13923
Ulsan,2019,04,Fri,18.93285,12435
Ulsan,2019,04,Sat,21.99865,13836
Ulsan,2019,05,Sun,29.69515,18196
Ulsan,2019,05,Mon,29.2586,18265
Ulsan,2019,05,Tues,28.1343,18495
Ulsan,2019,05,Wed,31.6008,21086
Ulsan,2019,05,Thu,32.77945,22099
Ulsan,2019,05,Fri,31.5391,21405
Ulsan,2019,05,Sat,26.0472,16707
Ulsan,2019,06,Sun,45.10635,27385
Ulsan,2019,06,Mon,32.53795,20694
Ulsan,2019,06,Tues,29.10765,19525
Ulsan,2019,06,Wed,26.694,18241
Ulsan,2019,06,Thu,30.61945,20549
Ulsan,2019,06,Fri,26.60275,17947
Ulsan,2019,06,Sat,35.47394,22923
Ulsan,2019,07,Sun,44.11455,26529
Ulsan,2019,07,Mon,46.41886,29820
Ulsan,2019,07,Tues,43.58086,29388
Ulsan,2019,07,Wed,41.1602,27907
Ulsan,2019,07,Thu,34.7492,23585
Ulsan,2019,07,Fri,33.16499,22491
Ulsan,2019,07,Sat,32.09785,20359
Ulsan,2019,08,Sun,40.02395,25415
Ulsan,2019,08,Mon,37.9975,25198
Ulsan,2019,08,Tues,30.06185,21107
Ulsan,2019,08,Wed,34.8783,24099
Ulsan,2019,08,Thu,42.45344,29092
Ulsan,2019,08,Fri,41.28899,28703
Ulsan,2019,08,Sat,42.5813,28862
Ulsan,2019,09,Sun,43.65285,28069
Ulsan,2019,09,Mon,47.60904,31020
Ulsan,2019,09,Tues,33.77159,23746
Ulsan,2019,09,Wed,34.332,24296
Ulsan,2019,09,Thu,37.31899,26089
Ulsan,2019,09,Fri,32.74535,22347
Ulsan,2019,09,Sat,29.71894,19719
Ulsan,2019,10,Sun,33.7587,22362
Ulsan,2019,10,Mon,31.48514,21545
Ulsan,2019,10,Tues,36.05505,25978
Ulsan,2019,10,Wed,32.53914,23216
Ulsan,2019,10,Thu,39.3012,27443
Ulsan,2019,10,Fri,26.61355,19262
Ulsan,2019,10,Sat,29.72812,20690
Ulsan,2019,11,Sun,37.39405,21507
Ulsan,2019,11,Mon,34.385,20899
Ulsan,2019,11,Tues,32.1743,20146
Ulsan,2019,11,Wed,30.9422,19447
Ulsan,2019,11,Thu,31.5036,19244
Ulsan,2019,11,Fri,38.30215,24201
Ulsan,2019,11,Sat,39.88506,23427
Ulsan,2019,12,Sun,46.90815,24327
Ulsan,2019,12,Mon,45.83405,25219
Ulsan,2019,12,Tues,39.39399,22902
Ulsan,2019,12,Wed,32.3261,18784
Ulsan,2019,12,Thu,30.8874,18322
Ulsan,2019,12,Fri,28.9773,17034
Ulsan,2019,12,Sat,32.48475,17553
Ulsan,2020,01,Sun,33.7521,18824
Ulsan,2020,01,Mon,29.6047,16549
Ulsan,2020,01,Tues,33.5648,19051
Ulsan,2020,01,Wed,39.38145,23001
Ulsan,2020,01,Thu,41.3772,24135
Ulsan,2020,01,Fri,42.42279,24672
Ulsan,2020,01,Sat,28.53825,16433
Ulsan,2020,02,Sun,35.38295,19712
Ulsan,2020,02,Mon,31.54705,18440
Ulsan,2020,02,Tues,28.78975,17323
Ulsan,2020,02,Wed,29.92271,18179
Ulsan,2020,02,Thu,31.593,19340
Ulsan,2020,02,Fri,28.5463,17620
Ulsan,2020,02,Sat,39.9885,23565
Ulsan,2020,03,Sun,43.32796,26159
Ulsan,2020,03,Mon,39.64685,24479
Ulsan,2020,03,Tues,37.0704,23501
Ulsan,2020,03,Wed,29.30429,18750
Ulsan,2020,03,Thu,27.8857,17720
Ulsan,2020,03,Fri,28.4188,18257
Ulsan,2020,03,Sat,29.60085,18470
Ulsan,2020,04,Sun,32.0811,19943
Ulsan,2020,04,Mon,34.04445,21415
Ulsan,2020,04,Tues,30.39575,20094
Ulsan,2020,04,Wed,36.97525,24722
Ulsan,2020,04,Thu,38.40284,25593
Ulsan,2020,04,Fri,26.40705,18047
Ulsan,2020,04,Sat,30.3825,19635
Ulsan,2020,05,Sun,52.19959,32194
Ulsan,2020,05,Mon,37.75915,24210
Ulsan,2020,05,Tues,35.1019,23785
Ulsan,2020,05,Wed,35.03765,23300
Ulsan,2020,05,Thu,33.37985,22819
Ulsan,2020,05,Fri,39.3569,26658
Ulsan,2020,05,Sat,42.23184,27436
Ulsan,2020,06,Sun,44.74335,27503
Ulsan,2020,06,Mon,49.41325,32256
Ulsan,2020,06,Tues,46.88227,32275
Ulsan,2020,06,Wed,34.67579,24211
Ulsan,2020,06,Thu,33.2238,23061
Ulsan,2020,06,Fri,35.60275,24781
Ulsan,2020,06,Sat,37.1127,24357
Ulsan,2020,07,Sun,45.2296,28309
Ulsan,2020,07,Mon,39.98075,26193
Ulsan,2020,07,Tues,40.76245,27857
Ulsan,2020,07,Wed,44.56759,31236
Ulsan,2020,07,Thu,44.6222,31585
Ulsan,2020,07,Fri,45.76395,32084
Ulsan,2020,07,Sat,39.1935,26106
Ulsan,2020,08,Sun,55.87844,37067
Ulsan,2020,08,Mon,51.9923,35926
Ulsan,2020,08,Tues,39.5674,28125
Ulsan,2020,08,Wed,37.98164,27716
Ulsan,2020,08,Thu,37.9853,27979
Ulsan,2020,08,Fri,34.55691,25664
Ulsan,2020,08,Sat,49.2846,34026
Ulsan,2020,09,Sun,40.90679,28674
Ulsan,2020,09,Mon,36.30064,26509
Ulsan,2020,09,Tues,44.223,33861
Ulsan,2020,09,Wed,44.4188,33652
Ulsan,2020,09,Thu,32.13062,25628
Ulsan,2020,09,Fri,31.95305,24795
Ulsan,2020,09,Sat,32.487,24253
Ulsan,2020,10,Sun,40.0555,26380
Ulsan,2020,10,Mon,36.1172,24924
Ulsan,2020,10,Tues,33.01481,23800
Ulsan,2020,10,Wed,30.7916,22562
Ulsan,2020,10,Thu,41.32636,29240
Ulsan,2020,10,Fri,39.41045,28082
Ulsan,2020,10,Sat,41.75491,28459
Ulsan,2020,11,Sun,53.86995,31027
Ulsan,2020,11,Mon,49.09594,29582
Ulsan,2020,11,Tues,34.5086,22093
Ulsan,2020,11,Wed,33.0376,21426
Ulsan,2020,11,Thu,34.70824,22266
Ulsan,2020,11,Fri,35.32576,22159
Ulsan,2020,11,Sat,37.3351,21736
Ulsan,2020,12,Sun,47.62255,25171
Ulsan,2020,12,Mon,39.92585,22630
Ulsan,2020,12,Tues,46.521,27167
Ulsan,2020,12,Wed,44.73167,26677
Ulsan,2020,12,Thu,46.87565,27903
Ulsan,2020,12,Fri,38.15925,21898
Ulsan,2020,12,Sat,42.5258,22826
Busan,2017,07,Sun,1.6449,1257
Busan,2017,07,Mon,1.61925,1291
Busan,2017,07,Tues,1.1997,977
Busan,2017,07,Wed,1.2603,1024
Busan,2017,07,Thu,1.11935,981
Busan,2017,07,Fri,1.1744,978
Busan,2017,07,Sat,1.57795,1256
Busan,2017,08,Sun,1.056,929
Busan,2017,08,Mon,1.10775,932
Busan,2017,08,Tues,1.36285,1244
Busan,2017,08,Wed,1.3228,1191
Busan,2017,08,Thu,1.43755,1226
Busan,2017,08,Fri,1.0746,948
Busan,2017,08,Sat,1.1115,958
Busan,2017,09,Sun,1.11195,946
Busan,2017,09,Mon,1.05195,970
Busan,2017,09,Tues,1.06115,998
Busan,2017,09,Wed,0.9222,852
Busan,2017,09,Thu,1.13405,979
Busan,2017,09,Fri,1.23535,1114
Busan,2017,09,Sat,1.2726,1186
Busan,2017,10,Sun,1.46835,1098
Busan,2017,10,Mon,1.6526,1296
Busan,2017,10,Tues,1.64345,1321
Busan,2017,10,Wed,1.1822,924
Busan,2017,10,Thu,1.0253,843
Busan,2017,10,Fri,1.1394,916
Busan,2017,10,Sat,1.12585,937
Busan,2017,11,Sun,1.13055,799
Busan,2017,11,Mon,1.2606,899
Busan,2017,11,Tues,1.11015,884
Busan,2017,11,Wed,1.28885,1015
Busan,2017,11,Thu,1.3806,1035
Busan,2017,11,Fri,1.10255,828
Busan,2017,11,Sat,1.0857,812
Busan,2017,12,Sun,1.50095,935
Busan,2017,12,Mon,1.30935,845
Busan,2017,12,Tues,1.17175,773
Busan,2017,12,Wed,1.0516,779
Busan,2017,12,Thu,0.936,728
Busan,2017,12,Fri,1.26635,894
Busan,2017,12,Sat,1.4465,975
Busan,2018,01,Sun,1.13635,740
Busan,2018,01,Mon,1.2963,949
Busan,2018,01,Tues,1.2838,924
Busan,2018,01,Wed,1.2068,894
Busan,2018,01,Thu,0.89595,650
Busan,2018,01,Fri,1.00945,705
Busan,2018,01,Sat,1.03355,732
Busan,2018,02,Sun,1.0108,672
Busan,2018,02,Mon,1.05875,734
Busan,2018,02,Tues,1.16205,772
Busan,2018,02,Wed,1.1094,765
Busan,2018,02,Thu,1.24735,876
Busan,2018,02,Fri,1.15985,776
Busan,2018,02,Sat,1.1548,768
Busan,2018,03,Sun,1.0157,733
Busan,2018,03,Mon,0.9631,698
Busan,2018,03,Tues,1.01355,777
Busan,2018,03,Wed,0.95265,701
Busan,2018,03,Thu,1.26905,916
Busan,2018,03,Fri,1.20915,907
Busan,2018,03,Sat,1.2334,910
Busan,2018,04,Sun,1.32675,991
Busan,2018,04,Mon,1.1959,930
Busan,2018,04,Tues,1.0692,810
Busan,2018,04,Wed,0.9168,746
Busan,2018,04,Thu,0.90835,769
Busan,2018,04,Fri,0.8112,715
Busan,2018,04,Sat,0.9424,769
Busan,2018,05,Sun,0.86245,732
Busan,2018,05,Mon,1.15655,915
Busan,2018,05,Tues,1.36705,1098
Busan,2018,05,Wed,1.0625,990
Busan,2018,05,Thu,1.1455,1056
Busan,2018,05,Fri,0.8782,792
Busan,2018,05,Sat,0.99525,820
Busan,2018,06,Sun,1.07725,913
Busan,2018,06,Mon,1.16115,982
Busan,2018,06,Tues,0.9028,815
Busan,2018,06,Wed,1.1571,989
Busan,2018,06,Thu,1.05955,935
Busan,2018,06,Fri,1.35605,1162
Busan,2018,06,Sat,1.38505,1092
Busan,2018,07,Sun,1.6073,1302
Busan,2018,07,Mon,1.6322,1350
Busan,2018,07,Tues,1.5106,1269
Busan,2018,07,Wed,1.28275,1145
Busan,2018,07,Thu,1.0482,1004
Busan,2018,07,Fri,1.11235,1027
Busan,2018,07,Sat,1.31495,1037
Busan,2018,08,Sun,1.00385,961
Busan,2018,08,Mon,1.0491,1003
Busan,2018,08,Tues,1.055,1014
Busan,2018,08,Wed,1.3271,1260
Busan,2018,08,Thu,1.25435,1254
Busan,2018,08,Fri,1.2765,1245
Busan,2018,08,Sat,0.98535,993
Busan,2018,09,Sun,1.60235,1416
Busan,2018,09,Mon,1.2635,1068
Busan,2018,09,Tues,1.1235,1037
Busan,2018,09,Wed,1.0504,986
Busan,2018,09,Thu,0.97615,933
Busan,2018,09,Fri,0.90985,928
Busan,2018,09,Sat,1.41215,1261
Busan,2018,10,Sun,1.04775,899
Busan,2018,10,Mon,1.1991,1182
Busan,2018,10,Tues,1.12345,1109
Busan,2018,10,Wed,1.17175,1117
Busan,2018,10,Thu,0.8984,895
Busan,2018,10,Fri,0.8363,819
Busan,2018,10,Sat,0.91295,841
Busan,2018,11,Sun,1.15995,857
Busan,2018,11,Mon,1.18985,942
Busan,2018,11,Tues,1.0708,877
Busan,2018,11,Wed,1.02455,856
Busan,2018,11,Thu,1.22225,1020
Busan,2018,11,Fri,1.2458,1079
Busan,2018,11,Sat,1.01845,807
Busan,2018,12,Sun,1.54305,1005
Busan,2018,12,Mon,1.4482,1054
Busan,2018,12,Tues,1.0412,810
Busan,2018,12,Wed,1.18015,812
Busan,2018,12,Thu,1.00465,773
Busan,2018,12,Fri,0.8943,743
Busan,2018,12,Sat,1.47915,998
Busan,2019,01,Sun,0.93245,652
Busan,2019,01,Mon,1.08825,800
Busan,2019,01,Tues,1.20635,923
Busan,2019,01,Wed,1.1721,921
Busan,2019,01,Thu,1.2323,902
Busan,2019,01,Fri,0.9033,731
Busan,2019,01,Sat,0.8901,691
Busan,2019,02,Sun,1.15375,816
Busan,2019,02,Mon,1.45845,1006
Busan,2019,02,Tues,1.08115,755
Busan,2019,02,Wed,1.1023,829
Busan,2019,02,Thu,1.00155,775
Busan,2019,02,Fri,0.97265,740
Busan,2019,02,Sat,1.19265,833
Busan,2019,03,Sun,1.2944,911
Busan,2019,03,Mon,1.083,825
Busan,2019,03,Tues,0.83545,694
Busan,2019,03,Wed,0.72775,625
Busan,2019,03,Thu,0.90065,724
Busan,2019,03,Fri,1.1134,909
Busan,2019,03,Sat,1.2334,965
Busan,2019,04,Sun,1.14825,801
Busan,2019,04,Mon,1.4079,1047
Busan,2019,04,Tues,1.2774,1005
Busan,2019,04,Wed,0.97545,775
Busan,2019,04,Thu,0.9335,756
Busan,2019,04,Fri,0.8782,711
Busan,2019,04,Sat,1.0189,797
Busan,2019,05,Sun,1.23415,857
Busan,2019,05,Mon,1.01555,841
Busan,2019,05,Tues,1.1622,920
Busan,2019,05,Wed,1.2698,1048
Busan,2019,05,Thu,1.31425,1129
Busan,2019,05,Fri,1.28975,1065
Busan,2019,05,Sat,1.15345,883
Busan,2019,06,Sun,1.73755,1250
Busan,2019,06,Mon,1.3028,988
Busan,2019,06,Tues,1.20845,988
Busan,2019,06,Wed,1.01665,868
Busan,2019,06,Thu,1.17855,984
Busan,2019,06,Fri,1.1266,909
Busan,2019,06,Sat,1.38755,1115
Busan,2019,07,Sun,1.53155,1081
Busan,2019,07,Mon,1.5038,1268
Busan,2019,07,Tues,1.51205,1298
Busan,2019,07,Wed,1.41625,1200
Busan,2019,07,Thu,1.2361,1022
Busan,2019,07,Fri,1.2512,988
Busan,2019,07,Sat,1.32575,984
Busan,2019,08,Sun,1.36745,1065
Busan,2019,08,Mon,1.3767,1070
Busan,2019,08,Tues,0.95495,870
Busan,2019,08,Wed,1.15755,1039
Busan,2019,08,Thu,1.5395,1316
Busan,2019,08,Fri,1.59385,1291
Busan,2019,08,Sat,1.74165,1350
Busan,2019,09,Sun,1.52945,1169
Busan,2019,09,Mon,1.6664,1272
Busan,2019,09,Tues,1.26775,1098
Busan,2019,09,Wed,1.226,1064
Busan,2019,09,Thu,1.4673,1210
Busan,2019,09,Fri,1.33625,1069
Busan,2019,09,Sat,1.07215,860
Busan,2019,10,Sun,1.1315,913
Busan,2019,10,Mon,1.0808,939
Busan,2019,10,Tues,1.21575,1148
Busan,2019,10,Wed,1.0292,988
Busan,2019,10,Thu,1.39325,1221
Busan,2019,10,Fri,0.9539,868
Busan,2019,10,Sat,1.01565,901
Busan,2019,11,Sun,1.20205,884
Busan,2019,11,Mon,1.2831,955
Busan,2019,11,Tues,1.0503,878
Busan,2019,11,Wed,1.1548,921
Busan,2019,11,Thu,0.97005,813
Busan,2019,11,Fri,1.28415,1106
Busan,2019,11,Sat,1.37255,1016
Busan,2019,12,Sun,1.5054,986
Busan,2019,12,Mon,1.6254,1115
Busan,2019,12,Tues,1.3126,1025
Busan,2019,12,Wed,1.1504,854
Busan,2019,12,Thu,1.06295,811
Busan,2019,12,Fri,1.145,817
Busan,2019,12,Sat,1.27465,819
Busan,2020,01,Sun,1.31785,816
Busan,2020,01,Mon,1.0291,704
Busan,2020,01,Tues,1.2736,861
Busan,2020,01,Wed,1.4193,1042
Busan,2020,01,Thu,1.6107,1130
Busan,2020,01,Fri,1.6106,1144
Busan,2020,01,Sat,1.16065,790
Busan,2020,02,Sun,1.2964,885
Busan,2020,02,Mon,1.13075,791
Busan,2020,02,Tues,0.98195,762
Busan,2020,02,Wed,1.15065,815
Busan,2020,02,Thu,1.16505,847
Busan,2020,02,Fri,1.0089,790
Busan,2020,02,Sat,1.4792,1049
Busan,2020,03,Sun,1.49685,1043
Busan,2020,03,Mon,1.488,1096
Busan,2020,03,Tues,1.3416,1038
Busan,2020,03,Wed,1.08695,878
Busan,2020,03,Thu,0.92145,753
Busan,2020,03,Fri,1.06765,838
Busan,2020,03,Sat,1.13115,823
Busan,2020,04,Sun,0.98765,704
Busan,2020,04,Mon,1.22155,930
Busan,2020,04,Tues,1.10035,874
Busan,2020,04,Wed,1.23445,1016
Busan,2020,04,Thu,1.3155,1037
Busan,2020,04,Fri,0.9609,782
Busan,2020,04,Sat,1.12585,862
Busan,2020,05,Sun,1.61975,1157
Busan,2020,05,Mon,1.26685,977
Busan,2020,05,Tues,1.22365,943
Busan,2020,05,Wed,1.02635,894
Busan,2020,05,Thu,1.00305,837
Busan,2020,05,Fri,1.2843,1038
Busan,2020,05,Sat,1.49055,1128
Busan,2020,06,Sun,1.45885,1060
Busan,2020,06,Mon,1.59675,1242
Busan,2020,06,Tues,1.5503,1347
Busan,2020,06,Wed,1.1286,949
Busan,2020,06,Thu,1.1067,911
Busan,2020,06,Fri,1.1913,1001
Busan,2020,06,Sat,1.24595,964
Busan,2020,07,Sun,1.34305,1043
Busan,2020,07,Mon,1.29425,1022
Busan,2020,07,Tues,1.3193,1080
Busan,2020,07,Wed,1.49175,1314
Busan,2020,07,Thu,1.39545,1224
Busan,2020,07,Fri,1.57995,1347
Busan,2020,07,Sat,1.36775,1150
Busan,2020,08,Sun,1.7866,1411
Busan,2020,08,Mon,1.68945,1431
Busan,2020,08,Tues,1.3501,1157
Busan,2020,08,Wed,1.2047,1093
Busan,2020,08,Thu,1.23845,1175
Busan,2020,08,Fri,1.16305,1080
Busan,2020,08,Sat,1.74865,1437
Busan,2020,09,Sun,1.4287,1163
Busan,2020,09,Mon,1.1739,1080
Busan,2020,09,Tues,1.6253,1552
Busan,2020,09,Wed,1.54575,1446
Busan,2020,09,Thu,1.0708,1034
Busan,2020,09,Fri,1.0313,1062
Busan,2020,09,Sat,1.1777,1088
Busan,2020,10,Sun,1.4241,1134
Busan,2020,10,Mon,1.14295,1053
Busan,2020,10,Tues,1.11665,1073
Busan,2020,10,Wed,0.9968,965
Busan,2020,10,Thu,1.51945,1336
Busan,2020,10,Fri,1.44755,1308
Busan,2020,10,Sat,1.57715,1314
Busan,2020,11,Sun,1.88315,1367
Busan,2020,11,Mon,1.66985,1261
Busan,2020,11,Tues,1.27115,1039
Busan,2020,11,Wed,1.0684,954
Busan,2020,11,Thu,1.143,944
Busan,2020,11,Fri,1.1547,989
Busan,2020,11,Sat,1.37805,1015
Busan,2020,12,Sun,1.6757,1046
Busan,2020,12,Mon,1.4333,987
Busan,2020,12,Tues,1.53675,1189
Busan,2020,12,Wed,1.6042,1190
Busan,2020,12,Thu,1.6534,1236
Busan,2020,12,Fri,1.32425,1004
Busan,2020,12,Sat,1.5669,1039
